prediccion_humano,prediccion_ml
0.9418604651162791,0.997093023255814
